{"train_loss": 0.6179693937301636, "train_e_mae": 3.2075727103960396, "train_f_mae": 2.2057252555790514, "lr": 0.0004957263339940286, "_timestamp": 1711119536.1095243, "_runtime": 3893.1290142536163, "_step": 7062, "val_e_mae": 3.7743750762939454, "val_f_mae": 10.42150203704834, "test_e_mae": null, "test_f_mae": null, "best_val_e_mae": 4.390000305175781, "best_val_f_mae": 9.896307716369629, "best_test_e_mae": 9.06754065132141, "best_test_f_mae": 11.997225965499878}