{
  "md17": {
    "aspirin": {
      "5.0": {
        "avg_node": 21.0,
        "avg_edge": 302.3220338983051,
        "avg_degree": 14.396286964416504
      },
      "12.0": {
        "avg_node": 21.0,
        "avg_edge": 420.0,
        "avg_degree": 20.0
      },
      "20.0": {
        "avg_node": 21.0,
        "avg_edge": 420.0,
        "avg_degree": 20.0
      },
      "1.0": {
        "avg_node": 21.0,
        "avg_edge": 1.353813559322034,
        "avg_degree": 0.06446731090545654
      },
      "2.0": {
        "avg_node": 21.0,
        "avg_edge": 50.32838983050848,
        "avg_degree": 2.396589994430542
      },
      "3.0": {
        "avg_node": 21.0,
        "avg_edge": 143.47881355932202,
        "avg_degree": 6.832324504852295
      },
      "4.0": {
        "avg_node": 21.0,
        "avg_edge": 219.84322033898306,
        "avg_degree": 10.468725204467773
      },
      "6.0": {
        "avg_node": 21.0,
        "avg_edge": 361.09322033898303,
        "avg_degree": 17.194915771484375
      }
    },
    "benzene": {
      "5.0": {
        "avg_node": 12.0,
        "avg_edge": 129.85381355932202,
        "avg_degree": 10.821150779724121
      },
      "12.0": {
        "avg_node": 12.0,
        "avg_edge": 132.0,
        "avg_degree": 11.0
      },
      "20.0": {
        "avg_node": 12.0,
        "avg_edge": 132.0,
        "avg_degree": 11.0
      },
      "1.0": {
        "avg_node": 12.0,
        "avg_edge": 0.00423728813559322,
        "avg_degree": 0.00035310734529048204
      },
      "2.0": {
        "avg_node": 12.0,
        "avg_edge": 24.01271186440678,
        "avg_degree": 2.0010592937469482
      },
      "3.0": {
        "avg_node": 12.0,
        "avg_edge": 78.0,
        "avg_degree": 6.5
      },
      "4.0": {
        "avg_node": 12.0,
        "avg_edge": 113.76694915254237,
        "avg_degree": 9.480579376220703
      },
      "6.0": {
        "avg_node": 12.0,
        "avg_edge": 132.0,
        "avg_degree": 11.0
      }
    },
    "ethanol": {
      "5.0": {
        "avg_node": 9.0,
        "avg_edge": 72.0,
        "avg_degree": 8.0
      },
      "12.0": {
        "avg_node": 9.0,
        "avg_edge": 72.0,
        "avg_degree": 8.0
      },
      "20.0": {
        "avg_node": 9.0,
        "avg_edge": 72.0,
        "avg_degree": 8.0
      },
      "1.0": {
        "avg_node": 9.0,
        "avg_edge": 1.4745762711864407,
        "avg_degree": 0.16384181380271912
      },
      "2.0": {
        "avg_node": 9.0,
        "avg_edge": 26.171610169491526,
        "avg_degree": 2.907956600189209
      },
      "3.0": {
        "avg_node": 9.0,
        "avg_edge": 61.11864406779661,
        "avg_degree": 6.790960311889648
      },
      "4.0": {
        "avg_node": 9.0,
        "avg_edge": 71.5,
        "avg_degree": 7.94444465637207
      },
      "6.0": {
        "avg_node": 9.0,
        "avg_edge": 72.0,
        "avg_degree": 8.0
      }
    },
    "malonaldehyde": {
      "5.0": {
        "avg_node": 9.0,
        "avg_edge": 72.0,
        "avg_degree": 8.0
      },
      "12.0": {
        "avg_node": 9.0,
        "avg_edge": 72.0,
        "avg_degree": 8.0
      },
      "20.0": {
        "avg_node": 9.0,
        "avg_edge": 72.0,
        "avg_degree": 8.0
      },
      "1.0": {
        "avg_node": 9.0,
        "avg_edge": 0.012711864406779662,
        "avg_degree": 0.0014124293811619282
      },
      "2.0": {
        "avg_node": 9.0,
        "avg_edge": 19.47457627118644,
        "avg_degree": 2.163841724395752
      },
      "3.0": {
        "avg_node": 9.0,
        "avg_edge": 54.01271186440678,
        "avg_degree": 6.001412391662598
      },
      "4.0": {
        "avg_node": 9.0,
        "avg_edge": 68.91525423728814,
        "avg_degree": 7.65725040435791
      },
      "6.0": {
        "avg_node": 9.0,
        "avg_edge": 72.0,
        "avg_degree": 8.0
      }
    },
    "naphthalene": {
      "5.0": {
        "avg_node": 18.0,
        "avg_edge": 254.87076271186442,
        "avg_degree": 14.159486770629883
      },
      "12.0": {
        "avg_node": 18.0,
        "avg_edge": 306.0,
        "avg_degree": 17.0
      },
      "20.0": {
        "avg_node": 18.0,
        "avg_edge": 306.0,
        "avg_degree": 17.0
      },
      "1.0": {
        "avg_node": 18.0,
        "avg_edge": 0.036016949152542374,
        "avg_degree": 0.002000941662117839
      },
      "2.0": {
        "avg_node": 18.0,
        "avg_edge": 38.360169491525426,
        "avg_degree": 2.131120443344116
      },
      "3.0": {
        "avg_node": 18.0,
        "avg_edge": 133.8665254237288,
        "avg_degree": 7.4370293617248535
      },
      "4.0": {
        "avg_node": 18.0,
        "avg_edge": 193.9385593220339,
        "avg_degree": 10.774364471435547
      },
      "6.0": {
        "avg_node": 18.0,
        "avg_edge": 287.5614406779661,
        "avg_degree": 15.975635528564453
      }
    },
    "salicylic_acid": {
      "5.0": {
        "avg_node": 16.0,
        "avg_edge": 208.30084745762713,
        "avg_degree": 13.018802642822266
      },
      "12.0": {
        "avg_node": 16.0,
        "avg_edge": 240.0,
        "avg_degree": 15.0
      },
      "20.0": {
        "avg_node": 16.0,
        "avg_edge": 240.0,
        "avg_degree": 15.0
      },
      "1.0": {
        "avg_node": 16.0,
        "avg_edge": 2.23728813559322,
        "avg_degree": 0.13983051478862762
      },
      "2.0": {
        "avg_node": 16.0,
        "avg_edge": 37.728813559322035,
        "avg_degree": 2.35805082321167
      },
      "3.0": {
        "avg_node": 16.0,
        "avg_edge": 111.46610169491525,
        "avg_degree": 6.9666314125061035
      },
      "4.0": {
        "avg_node": 16.0,
        "avg_edge": 163.95974576271186,
        "avg_degree": 10.24748420715332
      },
      "6.0": {
        "avg_node": 16.0,
        "avg_edge": 232.36864406779662,
        "avg_degree": 14.523039817810059
      }
    },
    "toluene": {
      "5.0": {
        "avg_node": 15.0,
        "avg_edge": 192.19703389830508,
        "avg_degree": 12.813135147094727
      },
      "12.0": {
        "avg_node": 15.0,
        "avg_edge": 210.0,
        "avg_degree": 14.0
      },
      "20.0": {
        "avg_node": 15.0,
        "avg_edge": 210.0,
        "avg_degree": 14.0
      },
      "1.0": {
        "avg_node": 15.0,
        "avg_edge": 0.029661016949152543,
        "avg_degree": 0.0019774010870605707
      },
      "2.0": {
        "avg_node": 15.0,
        "avg_edge": 36.28601694915254,
        "avg_degree": 2.419067859649658
      },
      "3.0": {
        "avg_node": 15.0,
        "avg_edge": 105.91313559322033,
        "avg_degree": 7.06087589263916
      },
      "4.0": {
        "avg_node": 15.0,
        "avg_edge": 154.35381355932202,
        "avg_degree": 10.290254592895508
      },
      "6.0": {
        "avg_node": 15.0,
        "avg_edge": 208.3114406779661,
        "avg_degree": 13.887429237365723
      }
    },
    "uracil": {
      "5.0": {
        "avg_node": 12.0,
        "avg_edge": 128.84533898305085,
        "avg_degree": 10.737112045288086
      },
      "12.0": {
        "avg_node": 12.0,
        "avg_edge": 132.0,
        "avg_degree": 11.0
      },
      "20.0": {
        "avg_node": 12.0,
        "avg_edge": 132.0,
        "avg_degree": 11.0
      },
      "1.0": {
        "avg_node": 12.0,
        "avg_edge": 1.0338983050847457,
        "avg_degree": 0.08615819364786148
      },
      "2.0": {
        "avg_node": 12.0,
        "avg_edge": 25.77542372881356,
        "avg_degree": 2.147952079772949
      },
      "3.0": {
        "avg_node": 12.0,
        "avg_edge": 77.93008474576271,
        "avg_degree": 6.494173526763916
      },
      "4.0": {
        "avg_node": 12.0,
        "avg_edge": 111.07415254237289,
        "avg_degree": 9.256179809570312
      },
      "6.0": {
        "avg_node": 12.0,
        "avg_edge": 132.0,
        "avg_degree": 11.0
      }
    },
    "_avg": {
      "5.0": {
        "avg_node": 14.0,